False Positive,7
False Positive,3
True Positive,4
False Positive,5
False Positive,11
False Positive,3
False Positive,9
False Positive,36
True Positive,7
False Positive,4
False Positive,6
False Positive,4
False Positive,1
True Positive,3
False Positive,17
False Positive,10
False Positive,7
False Positive,1
True Positive,6
False Positive,3
False Positive,12
False Positive,4
False Positive,13
False Positive,7
False Positive,3
False Positive,4
False Positive,2
True Positive,1
False Positive,4
False Positive,2
False Positive,11
False Positive,7
False Positive,10
False Positive,3
False Positive,2
True Positive,6
False Positive,5
False Positive,4
True Positive,1
False Positive,3
True Positive,474
False Positive,9
False Positive,1
False Positive,9
False Positive,5
True Positive,3
False Positive,4
False Positive,4
False Positive,5
False Positive,19
False Positive,2
False Positive,6
False Positive,29
False Positive,5
False Positive,36
False Positive,5
False Positive,13
False Positive,4
False Positive,7
False Positive,10
False Positive,5
False Positive,19
False Positive,8
False Positive,12
False Positive,13
False Positive,6
False Positive,6
False Positive,10
False Positive,19
False Positive,29
False Positive,6
False Positive,24
False Positive,3
False Positive,7
False Positive,8
False Positive,4
False Positive,3
False Positive,2
False Positive,15
False Positive,12
False Positive,3
False Positive,19
False Positive,13
False Positive,2
False Positive,2
False Positive,10
False Positive,27
False Positive,23
False Positive,17
False Positive,4
False Positive,3
False Positive,7
False Positive,1
False Positive,10
False Positive,3
False Positive,4
False Positive,16
False Positive,1
False Positive,23
False Positive,7
False Positive,18
False Positive,9
False Positive,10
False Positive,2
False Positive,17
False Positive,8
False Positive,2
False Positive,22
False Positive,12
False Positive,5
False Positive,5
False Positive,1
False Positive,2
False Positive,20
False Positive,4
False Positive,4
False Positive,4
False Positive,3
False Positive,7
False Positive,2
False Positive,14
False Positive,11
False Positive,4
False Positive,3
False Positive,4
False Positive,4
False Positive,4
False Positive,14
False Positive,11
False Positive,9
False Positive,3
False Positive,7
False Positive,19
False Positive,11
False Positive,4
False Positive,7
False Positive,6
False Positive,13
False Positive,5
False Positive,7
False Positive,6
False Positive,8
False Positive,20
False Positive,10
False Positive,5
False Positive,3
False Positive,4
False Positive,1
False Positive,5
False Positive,3
False Positive,7
False Positive,6
False Positive,6
False Positive,3
False Positive,25
False Positive,7
False Positive,33
False Positive,2
False Positive,2
False Positive,3
False Positive,4
False Positive,4
False Positive,1
False Positive,12
False Positive,4
False Positive,10
False Positive,4
False Positive,2
False Positive,10
False Positive,19
False Positive,8
False Positive,9
True Positive,4
False Positive,30
False Positive,2
False Positive,5
True Positive,5
True Positive,4
False Positive,4
False Positive,4
False Positive,21
True Positive,2
False Positive,5
False Positive,2
True Positive,4
False Positive,8
False Positive,6
False Positive,28
False Positive,1
False Positive,6
False Positive,7
False Positive,7
True Positive,8
False Positive,6
True Positive,6
False Positive,29
False Positive,3
False Positive,1
True Positive,7
False Positive,12
False Positive,8
False Positive,13
True Positive,13
True Positive,6
False Positive,25
False Positive,2
False Positive,6
False Positive,24
False Positive,4
False Positive,3
False Positive,9
False Positive,11
False Positive,1
False Positive,4
