False Positive,8
True Positive,9
False Positive,8
False Positive,6
False Positive,6
False Positive,5
False Positive,16
False Positive,44
False Positive,8
True Positive,15
False Positive,12
False Positive,2
True Positive,7
False Positive,21
False Positive,40
False Positive,9
False Positive,22
False Positive,2
False Positive,2
False Positive,10
False Positive,10
True Positive,17
False Positive,28
False Positive,17
False Positive,4
False Positive,4
False Positive,5
False Positive,1
False Positive,12
False Positive,7
False Positive,4
False Positive,20
False Positive,22
True Positive,515
True Positive,9
False Positive,3
False Positive,2
False Positive,7
False Positive,8
False Positive,8
False Positive,1
False Positive,8
False Positive,15
False Positive,6
True Positive,19
False Positive,2
True Positive,8
False Positive,6
False Positive,8
False Positive,23
True Positive,8
False Positive,1
False Positive,20
False Positive,14
False Positive,46
False Positive,9
False Positive,41
False Positive,4
False Positive,6
False Positive,17
False Positive,4
False Positive,15
False Positive,18
False Positive,7
False Positive,2
True Positive,3
False Positive,9
False Positive,10
False Positive,31
False Positive,16
False Positive,15
False Positive,11
False Positive,7
False Positive,2
False Positive,4
False Positive,8
False Positive,3
False Positive,23
False Positive,4
False Positive,37
False Positive,30
False Positive,2
False Positive,13
True Positive,32
False Positive,29
False Positive,15
True Positive,8
False Positive,19
False Positive,7
False Positive,9
False Positive,18
False Positive,2
False Positive,34
False Positive,4
False Positive,6
False Positive,2
False Positive,16
False Positive,2
False Positive,13
False Positive,4
False Positive,4
False Positive,5
False Positive,3
False Positive,2
False Positive,1
True Positive,8
False Positive,8
True Positive,3
False Positive,40
False Positive,7
False Positive,37
False Positive,12
False Positive,2
False Positive,1
False Positive,9
False Positive,7
False Positive,3
False Positive,1
False Positive,7
False Positive,7
False Positive,6
True Positive,52
False Positive,10
False Positive,12
True Positive,28
False Positive,17
False Positive,9
False Positive,2
False Positive,6
False Positive,2
False Positive,1
False Positive,37
False Positive,3
False Positive,13
False Positive,5
False Positive,3
True Positive,18
False Positive,12
False Positive,23
False Positive,2
False Positive,7
False Positive,17
False Positive,3
False Positive,2
False Positive,9
False Positive,1
False Positive,5
False Positive,7
False Positive,3
False Positive,8
False Positive,37
False Positive,12
True Positive,44
False Positive,4
False Positive,23
False Positive,7
False Positive,3
False Positive,4
False Positive,2
False Positive,1
True Positive,23
False Positive,2
False Positive,2
False Positive,13
False Positive,4
False Positive,32
False Positive,14
False Positive,17
False Positive,35
False Positive,4
False Positive,4
False Positive,1
False Positive,4
False Positive,9
False Positive,4
False Positive,23
False Positive,1
False Positive,1
True Positive,5
False Positive,12
False Positive,9
False Positive,21
False Positive,2
False Positive,22
False Positive,18
False Positive,10
True Positive,9
False Positive,3
False Positive,12
False Positive,7
False Positive,5
False Positive,32
False Positive,14
False Positive,2
False Positive,17
False Positive,8
False Positive,15
False Positive,5
False Positive,7
False Positive,21
False Positive,21
False Positive,7
False Positive,6
False Positive,25
False Positive,8
